id,price,area_sqm,rooms,district,latitude,longitude,near_metro,near_school,price_per_sqm,project_name,type,impact_level,incoming_demand_flag,year_completion,value_for_money_index,impact_score,demand_score,urban_growth_score,growth_potential_score
1,1213978.0,89.2,4,CityLife,45.47475615,9.193379611,yes,yes,11923,CityLife Expansion Phase II,residential,high,low,2024.0,0.011490397,3.0,1.0,4.0,2.404596159
2,801651.0,126.9,4,Isola,45.46029457,9.169240441,yes,yes,6253,Isola Cultural District Upgrade,culture,medium,medium,2025.0,0.02718695,2.0,2.0,4.0,2.41087478
3,655847.0,144.5,3,Corvetto,45.47241617,9.163868088,yes,yes,4496,Corvetto Urban Renewal,housing,medium,high,2025.0,0.037144128,2.0,3.0,5.0,3.014857651
4,1371708.0,147.5,4,CityLife,45.48571784,9.236954162,no,yes,8098,CityLife Expansion Phase II,residential,high,low,2024.0,0.023092122,3.0,1.0,4.0,2.409236849
5,604701.0,81.4,4,Porta Romana,45.49927791,9.198982179,yes,yes,7200,Scalo Romana Redevelopment,mixed-use,very_high,high,2026.0,0.0175,4.0,3.0,7.0,4.207
5,604702.0,82.9,4,Porta Romana,45.49927791,9.198982179,yes,yes,7200,Affordable Housing Porta Romana,housing,high,high,2025.0,0.0175,3.0,3.0,6.0,3.607
6,991245.0,164.4,5,Bicocca,45.50137559,9.15176591,yes,yes,5384,Green Park Development in Bicocca,green_space,low,medium,2024.0,0.038818722,1.0,2.0,3.0,1.815527489
7,688545.0,125.3,4,Corvetto,45.50582323,9.184772201,no,yes,4919,Corvetto Urban Renewal,housing,medium,high,2025.0,0.03455987,2.0,3.0,5.0,3.013823948
8,140409.0,38.4,2,Corvetto,45.49953693,9.162945303,yes,yes,3877,Corvetto Urban Renewal,housing,medium,high,2025.0,0.014960021,2.0,3.0,5.0,3.005984008
9,1125035.0,128.3,5,CityLife,45.49448315,9.241379937,yes,yes,8337,CityLife Expansion Phase II,residential,high,low,2024.0,0.021350606,3.0,1.0,4.0,2.408540242
10,1270573.0,130.6,4,Brera,45.45900052,9.120979467,yes,yes,9869,,,,,,0.017732293,,,,
11,447480.0,63.1,3,Porta Romana,45.47201783,9.149293264,yes,yes,8234,Scalo Romana Redevelopment,mixed-use,very_high,high,2026.0,0.010565946,4.0,3.0,7.0,4.204226378
11,480694.0,58.8,3,Porta Romana,45.47201783,9.149293264,yes,yes,8234,Affordable Housing Porta Romana,housing,high,high,2025.0,0.010565946,3.0,3.0,6.0,3.604226378
12,1306302.0,123.1,3,CityLife,45.47821719,9.167496387,no,no,11791,CityLife Expansion Phase II,residential,high,low,2024.0,0.014163345,3.0,1.0,4.0,2.405665338
13,704795.0,144.3,3,Porta Romana,45.44663131,9.183415274,yes,yes,5956,Scalo Romana Redevelopment,mixed-use,very_high,high,2026.0,0.02904634,4.0,3.0,7.0,4.211618536
13,803818.0,138.3,3,Porta Romana,45.44663131,9.183415274,yes,yes,5956,Affordable Housing Porta Romana,housing,high,high,2025.0,0.02904634,3.0,3.0,6.0,3.611618536
14,295225.0,51.1,1,Porta Romana,45.48226961,9.230606277,yes,yes,6704,Scalo Romana Redevelopment,mixed-use,very_high,high,2026.0,0.008800716,4.0,3.0,7.0,4.203520286
14,338819.0,47.1,1,Porta Romana,45.48226961,9.230606277,yes,yes,6704,Affordable Housing Porta Romana,housing,high,high,2025.0,0.008800716,3.0,3.0,6.0,3.603520286
15,256230.0,76.6,3,Bicocca,45.47490687,9.131425391,yes,yes,3660,Green Park Development in Bicocca,green_space,low,medium,2024.0,0.029234973,1.0,2.0,3.0,1.811693989
16,249034.0,64.6,3,Corvetto,45.50416874,9.224762435,no,no,4603,Corvetto Urban Renewal,housing,medium,high,2025.0,0.020204215,2.0,3.0,5.0,3.008081686
17,710136.0,73.0,3,Isola,45.51823205,9.127234954,yes,no,8848,Isola Cultural District Upgrade,culture,medium,medium,2025.0,0.011301989,2.0,2.0,4.0,2.404520796
18,179024.0,44.2,2,Bicocca,45.4844804,9.229500825,no,yes,3897,Green Park Development in Bicocca,green_space,low,medium,2024.0,0.017192712,1.0,2.0,3.0,1.806877085
19,318939.0,64.9,2,Bicocca,45.46581491,9.126712612,yes,yes,4800,Green Park Development in Bicocca,green_space,low,medium,2024.0,0.017916667,1.0,2.0,3.0,1.807166667
20,523583.0,102.5,4,Porta Romana,45.44347206,9.122371523,no,no,5815,Scalo Romana Redevelopment,mixed-use,very_high,high,2026.0,0.024935512,4.0,3.0,7.0,4.209974205
20,577336.0,101.6,4,Porta Romana,45.44347206,9.122371523,no,no,5815,Affordable Housing Porta Romana,housing,high,high,2025.0,0.024935512,3.0,3.0,6.0,3.609974205
21,472697.0,101.2,3,Lambrate,45.51397147,9.21060499,no,yes,5027,Lambrate Creative Hub,innovation,medium,medium,2025.0,0.024467873,2.0,2.0,4.0,2.409787149
22,648571.0,152.0,5,Corvetto,45.51352926,9.24964322,no,yes,4919,Corvetto Urban Renewal,housing,medium,high,2025.0,0.040455377,2.0,3.0,5.0,3.016182151
23,1047738.0,112.4,4,Brera,45.46023921,9.236559334,no,yes,8415,,,,,,0.019013666,,,,
24,271450.0,64.8,3,Bicocca,45.49563289,9.194879794,yes,yes,4658,Green Park Development in Bicocca,green_space,low,medium,2024.0,0.019750966,1.0,2.0,3.0,1.807900386
25,700746.0,110.6,4,Isola,45.44603476,9.23926143,yes,no,7218,Isola Cultural District Upgrade,culture,medium,medium,2025.0,0.019395955,2.0,2.0,4.0,2.407758382
26,278565.0,79.9,3,Lambrate,45.45329723,9.120689001,yes,no,3900,Lambrate Creative Hub,innovation,medium,medium,2025.0,0.027179487,2.0,2.0,4.0,2.410871795
27,387547.0,73.0,2,Lambrate,45.45734473,9.246758731,yes,yes,4139,Lambrate Creative Hub,innovation,medium,medium,2025.0,0.023918821,2.0,2.0,4.0,2.409567528
28,933299.0,93.7,4,Brera,45.46355952,9.183797341,yes,yes,9735,,,,,,0.013970211,,,,
29,322163.0,96.8,3,Bicocca,45.51966651,9.213976493,yes,no,3959,Green Park Development in Bicocca,green_space,low,medium,2024.0,0.030563274,1.0,2.0,3.0,1.812225309
30,1136426.0,145.7,3,Isola,45.495754,9.226711992,yes,no,6954,Isola Cultural District Upgrade,culture,medium,medium,2025.0,0.026028185,2.0,2.0,4.0,2.410411274
31,121820.0,40.9,1,Corvetto,45.47073615,9.213399445,yes,no,3469,Corvetto Urban Renewal,housing,medium,high,2025.0,0.014413376,2.0,3.0,5.0,3.00576535
32,319323.0,64.4,2,Navigli,45.49896806,9.189554775,no,no,5045,,,,,,0.016253717,,,,
33,438531.0,59.1,2,Isola,45.51322035,9.181960533,yes,no,8797,Isola Cultural District Upgrade,culture,medium,medium,2025.0,0.00932136,2.0,2.0,4.0,2.403728544
34,1070454.0,141.6,3,Brera,45.51669619,9.229015733,no,no,8693,,,,,,0.019786035,,,,
35,444206.0,65.4,3,Lambrate,45.44462911,9.146660083,no,yes,5585,Lambrate Creative Hub,innovation,medium,medium,2025.0,0.019337511,2.0,2.0,4.0,2.407735004
36,668669.0,112.0,3,Corvetto,45.47156174,9.245839229,no,yes,5277,Corvetto Urban Renewal,housing,medium,high,2025.0,0.028046238,2.0,3.0,5.0,3.011218495
37,427165.0,63.2,2,Isola,45.44854049,9.212423822,yes,no,6562,Isola Cultural District Upgrade,culture,medium,medium,2025.0,0.012800975,2.0,2.0,4.0,2.40512039
38,615360.0,90.0,3,Navigli,45.46685281,9.145935901,no,yes,6485,,,,,,0.019429453,,,,
39,613059.0,117.9,4,Navigli,45.45357439,9.215712134,no,no,5799,,,,,,0.025694085,,,,
40,1110539.0,144.8,4,Porta Romana,45.49174787,9.188879203,no,yes,8354,Scalo Romana Redevelopment,mixed-use,very_high,high,2026.0,0.023461815,4.0,3.0,7.0,4.209384726
40,1209412.0,152.6,4,Porta Romana,45.49174787,9.188879203,no,yes,8354,Affordable Housing Porta Romana,housing,high,high,2025.0,0.023461815,3.0,3.0,6.0,3.609384726
41,1032466.0,154.0,5,Porta Romana,45.47106147,9.211939912,yes,yes,7074,Scalo Romana Redevelopment,mixed-use,very_high,high,2026.0,0.028696636,4.0,3.0,7.0,4.211478654
41,1196737.0,164.0,5,Porta Romana,45.47106147,9.211939912,yes,yes,7074,Affordable Housing Porta Romana,housing,high,high,2025.0,0.028696636,3.0,3.0,6.0,3.611478654
42,1071961.0,117.0,3,CityLife,45.45835158,9.219811335,yes,yes,8225,CityLife Expansion Phase II,residential,high,low,2024.0,0.018966565,3.0,1.0,4.0,2.407586626
43,789950.0,130.2,3,Brera,45.46127503,9.131347723,yes,yes,7797,,,,,,0.019622932,,,,
44,630681.0,137.1,5,Bicocca,45.46882761,9.185793514,yes,no,4459,Green Park Development in Bicocca,green_space,low,medium,2024.0,0.041937654,1.0,2.0,3.0,1.816775062
45,692643.0,91.3,4,Isola,45.46079599,9.241161864,yes,no,7504,Isola Cultural District Upgrade,culture,medium,medium,2025.0,0.018123667,2.0,2.0,4.0,2.407249467
46,787998.0,134.0,4,Isola,45.47625927,9.161683485,no,no,6452,Isola Cultural District Upgrade,culture,medium,medium,2025.0,0.02650341,2.0,2.0,4.0,2.410601364
47,160263.0,35.3,1,Bicocca,45.44258528,9.197204803,no,no,4315,Green Park Development in Bicocca,green_space,low,medium,2024.0,0.010428737,1.0,2.0,3.0,1.804171495
48,1480349.0,150.3,5,CityLife,45.46238108,9.167999963,yes,yes,8658,CityLife Expansion Phase II,residential,high,low,2024.0,0.023677524,3.0,1.0,4.0,2.409471009
49,269791.0,61.2,3,Lambrate,45.47289654,9.179054836,no,yes,4046,Lambrate Creative Hub,innovation,medium,medium,2025.0,0.022491349,2.0,2.0,4.0,2.40899654
50,414654.0,94.2,3,Lambrate,45.48822255,9.191318405,yes,yes,4715,Lambrate Creative Hub,innovation,medium,medium,2025.0,0.026723224,2.0,2.0,4.0,2.41068929
51,1670304.0,155.9,5,CityLife,45.46167661,9.191359857,no,yes,11120,CityLife Expansion Phase II,residential,high,low,2024.0,0.018435252,3.0,1.0,4.0,2.407374101
52,544871.0,155.0,3,Lambrate,45.45065481,9.14622496,no,yes,3516,Lambrate Creative Hub,innovation,medium,medium,2025.0,0.051194539,2.0,2.0,4.0,2.420477816
53,1004233.0,119.8,4,Porta Romana,45.44609603,9.208994301,yes,yes,8243,Scalo Romana Redevelopment,mixed-use,very_high,high,2026.0,0.018318573,4.0,3.0,7.0,4.207327429
53,871130.0,104.1,4,Porta Romana,45.44609603,9.208994301,yes,yes,8243,Affordable Housing Porta Romana,housing,high,high,2025.0,0.018318573,3.0,3.0,6.0,3.607327429
54,988085.0,153.8,3,Isola,45.51524255,9.131422854,yes,yes,7243,Isola Cultural District Upgrade,culture,medium,medium,2025.0,0.023332873,2.0,2.0,4.0,2.409333149
55,335811.0,33.4,2,CityLife,45.47333112,9.138047221,no,no,10205,CityLife Expansion Phase II,residential,high,low,2024.0,0.005585497,3.0,1.0,4.0,2.402234199
56,1028096.0,136.0,4,Isola,45.48649301,9.120352417,yes,no,8524,Isola Cultural District Upgrade,culture,medium,medium,2025.0,0.020764899,2.0,2.0,4.0,2.40830596
57,513785.0,107.1,4,Bicocca,45.51353412,9.135170488,yes,yes,4569,Green Park Development in Bicocca,green_space,low,medium,2024.0,0.031516743,1.0,2.0,3.0,1.812606697
58,790269.0,107.5,4,Navigli,45.44661987,9.181511606,no,no,6565,,,,,,0.022239147,,,,
59,432767.0,59.1,3,Porta Romana,45.51013292,9.198793245,yes,no,7146,Scalo Romana Redevelopment,mixed-use,very_high,high,2026.0,0.012734397,4.0,3.0,7.0,4.205093759
59,479651.0,60.4,3,Porta Romana,45.51013292,9.198793245,yes,no,7146,Affordable Housing Porta Romana,housing,high,high,2025.0,0.012734397,3.0,3.0,6.0,3.605093759
60,212438.0,41.9,1,Corvetto,45.48412703,9.223257628,no,yes,4768,Corvetto Urban Renewal,housing,medium,high,2025.0,0.011115772,2.0,3.0,5.0,3.004446309
61,544230.0,93.2,3,Porta Romana,45.45318674,9.133870903,yes,no,6060,Scalo Romana Redevelopment,mixed-use,very_high,high,2026.0,0.020792079,4.0,3.0,7.0,4.208316832
61,602785.0,100.1,3,Porta Romana,45.45318674,9.133870903,yes,no,6060,Affordable Housing Porta Romana,housing,high,high,2025.0,0.020792079,3.0,3.0,6.0,3.608316832
62,845988.0,72.3,2,CityLife,45.47290041,9.23059457,no,no,10327,CityLife Expansion Phase II,residential,high,low,2024.0,0.008811852,3.0,1.0,4.0,2.403524741
63,430882.0,126.5,4,Corvetto,45.50220818,9.216976688,yes,yes,3301,Corvetto Urban Renewal,housing,medium,high,2025.0,0.051802484,2.0,3.0,5.0,3.020720994
64,410892.0,88.8,2,Navigli,45.47842961,9.173107378,no,yes,4180,,,,,,0.025119617,,,,
65,889203.0,142.2,4,CityLife,45.51882288,9.241281949,no,yes,8606,CityLife Expansion Phase II,residential,high,low,2024.0,0.02091564,3.0,1.0,4.0,2.408366256
66,649879.0,81.2,2,Brera,45.47013912,9.248820832,yes,yes,7699,,,,,,0.012728926,,,,
67,409066.0,59.8,2,Isola,45.49996626,9.146650235,yes,yes,6992,Isola Cultural District Upgrade,culture,medium,medium,2025.0,0.011155606,2.0,2.0,4.0,2.404462243
68,563343.0,108.3,3,Navigli,45.47143916,9.169299716,no,no,5139,,,,,,0.027826425,,,,
69,580952.0,90.4,4,Isola,45.50633314,9.240438425,yes,yes,6190,Isola Cultural District Upgrade,culture,medium,medium,2025.0,0.021486268,2.0,2.0,4.0,2.408594507
70,706376.0,157.7,3,Lambrate,45.48552652,9.213807552,yes,yes,5800,Lambrate Creative Hub,innovation,medium,medium,2025.0,0.03137931,2.0,2.0,4.0,2.412551724
71,515110.0,68.0,2,Brera,45.44508095,9.126252304,yes,no,7980,,,,,,0.010776942,,,,
72,1343059.0,129.9,3,Brera,45.44294575,9.221596883,yes,no,9975,,,,,,0.0160401,,,,
73,841022.0,122.7,3,Navigli,45.45070817,9.227632315,no,yes,6006,,,,,,0.025308025,,,,
74,1078619.0,147.9,4,Brera,45.44109376,9.21756525,yes,yes,8184,,,,,,0.021871945,,,,
75,247180.0,83.5,3,Corvetto,45.44602872,9.223939827,yes,yes,3127,Corvetto Urban Renewal,housing,medium,high,2025.0,0.037096258,2.0,3.0,5.0,3.014838503
76,1265693.0,151.0,3,Brera,45.49533715,9.227267248,yes,no,9065,,,,,,0.019525648,,,,
77,819022.0,95.0,4,Isola,45.4827477,9.144232648,yes,yes,7816,Isola Cultural District Upgrade,culture,medium,medium,2025.0,0.017400205,2.0,2.0,4.0,2.406960082
78,1177918.0,145.4,5,Isola,45.49999286,9.150639927,yes,yes,7758,Isola Cultural District Upgrade,culture,medium,medium,2025.0,0.025393143,2.0,2.0,4.0,2.410157257
79,924670.0,97.1,3,CityLife,45.51305326,9.202388613,yes,no,10613,CityLife Expansion Phase II,residential,high,low,2024.0,0.011495336,3.0,1.0,4.0,2.404598134
80,593930.0,89.5,3,Isola,45.48681196,9.238022597,no,yes,6569,Isola Cultural District Upgrade,culture,medium,medium,2025.0,0.0176587,2.0,2.0,4.0,2.40706348
81,434090.0,47.9,2,CityLife,45.49808967,9.161105556,yes,no,9346,CityLife Expansion Phase II,residential,high,low,2024.0,0.007061845,3.0,1.0,4.0,2.402824738
82,632161.0,77.8,3,Isola,45.5005665,9.196479868,yes,no,7895,Isola Cultural District Upgrade,culture,medium,medium,2025.0,0.013046232,2.0,2.0,4.0,2.405218493
83,121338.0,36.0,2,Corvetto,45.47022804,9.208787668,no,yes,3625,Corvetto Urban Renewal,housing,medium,high,2025.0,0.015448276,2.0,3.0,5.0,3.00617931
84,185595.0,38.3,1,Bicocca,45.45928679,9.178753318,yes,no,5186,Green Park Development in Bicocca,green_space,low,medium,2024.0,0.009062862,1.0,2.0,3.0,1.803625145
85,1554867.0,144.7,5,CityLife,45.45640363,9.212791719,no,yes,11009,CityLife Expansion Phase II,residential,high,low,2024.0,0.01789445,3.0,1.0,4.0,2.40715778
86,593960.0,137.2,5,Porta Romana,45.4601154,9.236956768,yes,no,5154,Scalo Romana Redevelopment,mixed-use,very_high,high,2026.0,0.035894451,4.0,3.0,7.0,4.21435778
86,716394.0,134.1,5,Porta Romana,45.4601154,9.236956768,yes,no,5154,Affordable Housing Porta Romana,housing,high,high,2025.0,0.035894451,3.0,3.0,6.0,3.61435778
87,740461.0,147.7,4,Lambrate,45.46197854,9.201133201,yes,yes,4909,Lambrate Creative Hub,innovation,medium,medium,2025.0,0.038093298,2.0,2.0,4.0,2.415237319
88,430780.0,92.7,4,Navigli,45.45657821,9.190171538,yes,no,4784,,,,,,0.027173913,,,,
89,701328.0,110.3,3,Isola,45.51025765,9.177036808,yes,yes,6245,Isola Cultural District Upgrade,culture,medium,medium,2025.0,0.023218575,2.0,2.0,4.0,2.40928743
90,678615.0,102.7,4,Brera,45.50055993,9.195073215,no,no,8500,,,,,,0.015647059,,,,
91,732950.0,139.6,3,Bicocca,45.44375172,9.166197119,yes,no,5205,Green Park Development in Bicocca,green_space,low,medium,2024.0,0.034005764,1.0,2.0,3.0,1.813602305
92,306151.0,33.8,1,Isola,45.4614938,9.170892674,yes,yes,8806,Isola Cultural District Upgrade,culture,medium,medium,2025.0,0.005223711,2.0,2.0,4.0,2.402089484
93,249564.0,38.1,1,Brera,45.44177478,9.189141472,yes,no,7537,,,,,,0.006103224,,,,
94,668186.0,131.0,5,Lambrate,45.47985321,9.128660485,yes,yes,5390,Lambrate Creative Hub,innovation,medium,medium,2025.0,0.032653061,2.0,2.0,4.0,2.413061224
95,488999.0,90.7,3,Lambrate,45.47809686,9.149773301,no,yes,5341,Lambrate Creative Hub,innovation,medium,medium,2025.0,0.022093241,2.0,2.0,4.0,2.408837296
96,635697.0,124.8,5,Lambrate,45.50650972,9.19057041,yes,yes,4420,Lambrate Creative Hub,innovation,medium,medium,2025.0,0.038687783,2.0,2.0,4.0,2.415475113
97,1298709.0,134.9,3,Brera,45.46462218,9.176098659,yes,yes,9455,,,,,,0.017451084,,,,
98,869963.0,124.2,4,Isola,45.50531086,9.163266052,yes,yes,6524,Isola Cultural District Upgrade,culture,medium,medium,2025.0,0.026057633,2.0,2.0,4.0,2.410423053
99,653895.0,131.5,3,Lambrate,45.5174379,9.214971388,yes,no,5029,Lambrate Creative Hub,innovation,medium,medium,2025.0,0.032014317,2.0,2.0,4.0,2.412805727
100,85843.0,33.8,1,Corvetto,45.44707266,9.210183289,no,yes,3035,Corvetto Urban Renewal,housing,medium,high,2025.0,0.014827018,2.0,3.0,5.0,3.005930807
101,459032.0,55.6,2,CityLife,45.50334543,9.141674999,yes,no,8684,CityLife Expansion Phase II,residential,high,low,2024.0,0.008406264,3.0,1.0,4.0,2.403362506
102,254206.0,35.7,2,Brera,45.48719647,9.234221785,no,yes,7019,,,,,,0.007978344,,,,
103,1015774.0,83.4,4,Brera,45.47840368,9.184405071,yes,no,9368,,,,,,0.013556789,,,,
104,654760.0,76.7,2,Isola,45.47364286,9.216389918,yes,no,8559,Isola Cultural District Upgrade,culture,medium,medium,2025.0,0.011449936,2.0,2.0,4.0,2.404579974
105,945142.0,126.6,4,Brera,45.50277346,9.19450961,no,yes,7399,,,,,,0.022165157,,,,
106,638044.0,64.1,2,Brera,45.49114891,9.24970004,yes,no,9701,,,,,,0.008865065,,,,
107,410642.0,99.7,3,Lambrate,45.50440357,9.217812406,yes,yes,4471,Lambrate Creative Hub,innovation,medium,medium,2025.0,0.029970924,2.0,2.0,4.0,2.411988369
108,581428.0,66.8,2,Isola,45.51225208,9.21190746,no,no,7906,Isola Cultural District Upgrade,culture,medium,medium,2025.0,0.010877814,2.0,2.0,4.0,2.404351126
109,767578.0,154.9,3,Lambrate,45.4893811,9.221214352,yes,yes,4666,Lambrate Creative Hub,innovation,medium,medium,2025.0,0.039219889,2.0,2.0,4.0,2.415687955
110,1003275.0,99.4,4,CityLife,45.51843702,9.138606638,no,no,9115,CityLife Expansion Phase II,residential,high,low,2024.0,0.015578716,3.0,1.0,4.0,2.406231487
111,350568.0,86.9,4,Bicocca,45.48864703,9.146590797,yes,yes,4333,Green Park Development in Bicocca,green_space,low,medium,2024.0,0.029771521,1.0,2.0,3.0,1.811908608
112,1220905.0,110.3,3,CityLife,45.49093155,9.212828331,no,yes,9823,CityLife Expansion Phase II,residential,high,low,2024.0,0.014150463,3.0,1.0,4.0,2.405660185
113,424215.0,83.5,3,Bicocca,45.48438525,9.184217593,no,no,5482,Green Park Development in Bicocca,green_space,low,medium,2024.0,0.021889821,1.0,2.0,3.0,1.808755928
114,723528.0,146.0,5,Lambrate,45.44728017,9.218102588,yes,yes,4353,Lambrate Creative Hub,innovation,medium,medium,2025.0,0.047553411,2.0,2.0,4.0,2.419021365
115,500479.0,49.2,2,CityLife,45.49811176,9.133379084,no,yes,8050,CityLife Expansion Phase II,residential,high,low,2024.0,0.008819876,3.0,1.0,4.0,2.40352795
116,426443.0,71.2,2,Isola,45.4837957,9.189742576,yes,yes,6574,Isola Cultural District Upgrade,culture,medium,medium,2025.0,0.013994524,2.0,2.0,4.0,2.40559781
117,281675.0,58.9,2,Navigli,45.47607284,9.169246804,no,yes,5148,,,,,,0.015151515,,,,
118,592638.0,110.6,4,Lambrate,45.5128377,9.179410029,yes,yes,5697,Lambrate Creative Hub,innovation,medium,medium,2025.0,0.02510093,2.0,2.0,4.0,2.410040372
119,742866.0,156.4,4,Bicocca,45.46383676,9.198514523,yes,yes,5215,Green Park Development in Bicocca,green_space,low,medium,2024.0,0.036433365,1.0,2.0,3.0,1.814573346
120,410547.0,130.9,5,Corvetto,45.48188818,9.185297485,yes,yes,3681,Corvetto Urban Renewal,housing,medium,high,2025.0,0.049443086,2.0,3.0,5.0,3.019777234
121,454141.0,103.9,4,Bicocca,45.49581135,9.190181883,yes,yes,4337,Green Park Development in Bicocca,green_space,low,medium,2024.0,0.033202675,1.0,2.0,3.0,1.81328107
122,437268.0,114.0,4,Corvetto,45.50371774,9.183226473,yes,no,4077,Corvetto Urban Renewal,housing,medium,high,2025.0,0.039244543,2.0,3.0,5.0,3.015697817
123,447322.0,45.0,1,Brera,45.47674774,9.173164173,no,yes,9491,,,,,,0.005794964,,,,
124,1413264.0,143.9,4,CityLife,45.50736731,9.220344657,no,yes,10660,CityLife Expansion Phase II,residential,high,low,2024.0,0.017448405,3.0,1.0,4.0,2.406979362
125,306709.0,50.8,1,Corvetto,45.50151342,9.121586399,no,yes,5311,Corvetto Urban Renewal,housing,medium,high,2025.0,0.011297307,2.0,3.0,5.0,3.004518923
126,615167.0,125.6,3,Bicocca,45.44529888,9.197797551,yes,yes,5095,Green Park Development in Bicocca,green_space,low,medium,2024.0,0.031599607,1.0,2.0,3.0,1.812639843
127,725292.0,109.8,3,Brera,45.4436689,9.193516085,yes,no,7004,,,,,,0.019560251,,,,
128,875795.0,170.1,5,Navigli,45.48966445,9.21310328,yes,yes,5126,,,,,,0.040577448,,,,
129,588731.0,92.5,4,Isola,45.46779307,9.197873817,yes,yes,7219,Isola Cultural District Upgrade,culture,medium,medium,2025.0,0.018423604,2.0,2.0,4.0,2.407369442
130,720414.0,106.1,3,Isola,45.45673046,9.227483848,yes,no,6773,Isola Cultural District Upgrade,culture,medium,medium,2025.0,0.019784438,2.0,2.0,4.0,2.407913775
131,886326.0,117.9,4,Isola,45.48637199,9.244679723,yes,no,6876,Isola Cultural District Upgrade,culture,medium,medium,2025.0,0.022396742,2.0,2.0,4.0,2.408958697
132,425381.0,124.5,5,Corvetto,45.46732506,9.164528153,no,yes,3991,Corvetto Urban Renewal,housing,medium,high,2025.0,0.044349787,2.0,3.0,5.0,3.017739915
133,261182.0,37.4,1,Navigli,45.48298107,9.149555628,yes,no,6931,,,,,,0.006781128,,,,
134,168759.0,54.0,2,Corvetto,45.47680953,9.175067592,yes,no,3046,Corvetto Urban Renewal,housing,medium,high,2025.0,0.024294156,2.0,3.0,5.0,3.009717663
135,1859230.0,158.8,3,CityLife,45.48678129,9.15743085,yes,yes,10914,CityLife Expansion Phase II,residential,high,low,2024.0,0.017225582,3.0,1.0,4.0,2.406890233
136,266330.0,89.4,3,Corvetto,45.47202404,9.199943534,yes,no,3268,Corvetto Urban Renewal,housing,medium,high,2025.0,0.037637699,2.0,3.0,5.0,3.01505508
137,265446.0,70.1,3,Navigli,45.49581341,9.238540813,yes,no,4369,,,,,,0.022888533,,,,
138,258477.0,54.3,1,Navigli,45.45440538,9.138085105,no,yes,4635,,,,,,0.013592233,,,,
139,1165615.0,133.0,5,CityLife,45.49572012,9.133103298,yes,yes,9129,CityLife Expansion Phase II,residential,high,low,2024.0,0.019060138,3.0,1.0,4.0,2.407624055
140,589396.0,105.8,3,Navigli,45.4729329,9.153282019,yes,yes,5693,,,,,,0.023010715,,,,
141,284161.0,58.7,1,Bicocca,45.50994541,9.214392426,yes,no,5182,Green Park Development in Bicocca,green_space,low,medium,2024.0,0.012157468,1.0,2.0,3.0,1.804862987
142,234327.0,51.9,2,Navigli,45.48121888,9.197085178,no,no,4656,,,,,,0.015893471,,,,
143,813945.0,135.7,4,Isola,45.51784883,9.133287646,no,no,6119,Isola Cultural District Upgrade,culture,medium,medium,2025.0,0.027782317,2.0,2.0,4.0,2.411112927
144,467975.0,106.0,3,Bicocca,45.48815483,9.239437568,no,yes,4330,Green Park Development in Bicocca,green_space,low,medium,2024.0,0.031177829,1.0,2.0,3.0,1.812471132
145,424038.0,95.4,4,Bicocca,45.45790793,9.222711003,yes,no,5310,Green Park Development in Bicocca,green_space,low,medium,2024.0,0.023728814,1.0,2.0,3.0,1.809491525
146,1925608.0,133.4,5,CityLife,45.50574325,9.122992939,yes,yes,11675,CityLife Expansion Phase II,residential,high,low,2024.0,0.016188437,3.0,1.0,4.0,2.406475375
147,426732.0,64.2,3,Porta Romana,45.46760661,9.204677737,yes,yes,6081,Scalo Romana Redevelopment,mixed-use,very_high,high,2026.0,0.015951324,4.0,3.0,7.0,4.20638053
147,358890.0,65.0,3,Porta Romana,45.46760661,9.204677737,yes,yes,6081,Affordable Housing Porta Romana,housing,high,high,2025.0,0.015951324,3.0,3.0,6.0,3.60638053
148,549959.0,66.1,2,Porta Romana,45.46780954,9.220262067,no,yes,6974,Scalo Romana Redevelopment,mixed-use,very_high,high,2026.0,0.013478635,4.0,3.0,7.0,4.205391454
148,465775.0,72.1,2,Porta Romana,45.46780954,9.220262067,no,yes,6974,Affordable Housing Porta Romana,housing,high,high,2025.0,0.013478635,3.0,3.0,6.0,3.605391454
149,422786.0,70.2,2,Navigli,45.44254437,9.168676598,no,no,5369,,,,,,0.017321661,,,,
150,548824.0,116.9,3,Bicocca,45.48389722,9.1289598,yes,yes,4240,Green Park Development in Bicocca,green_space,low,medium,2024.0,0.034433962,1.0,2.0,3.0,1.813773585
151,648067.0,140.4,3,Porta Romana,45.48275388,9.130051739,no,no,5116,Scalo Romana Redevelopment,mixed-use,very_high,high,2026.0,0.032838155,4.0,3.0,7.0,4.213135262
151,774023.0,150.9,3,Porta Romana,45.48275388,9.130051739,no,no,5116,Affordable Housing Porta Romana,housing,high,high,2025.0,0.032838155,3.0,3.0,6.0,3.613135262
152,249756.0,36.7,1,Porta Romana,45.46847932,9.133552106,no,yes,6853,Scalo Romana Redevelopment,mixed-use,very_high,high,2026.0,0.006566467,4.0,3.0,7.0,4.202626587
152,259573.0,34.0,1,Porta Romana,45.46847932,9.133552106,no,yes,6853,Affordable Housing Porta Romana,housing,high,high,2025.0,0.006566467,3.0,3.0,6.0,3.602626587
153,366076.0,43.0,1,Navigli,45.51153738,9.229257152,yes,yes,6838,,,,,,0.008043288,,,,
154,755885.0,129.1,4,Porta Romana,45.45029987,9.238389206,no,yes,6150,Scalo Romana Redevelopment,mixed-use,very_high,high,2026.0,0.02699187,4.0,3.0,7.0,4.210796748
154,716493.0,117.7,4,Porta Romana,45.45029987,9.238389206,no,yes,6150,Affordable Housing Porta Romana,housing,high,high,2025.0,0.02699187,3.0,3.0,6.0,3.610796748
155,408807.0,99.3,3,Corvetto,45.46640796,9.135965402,no,yes,4931,Corvetto Urban Renewal,housing,medium,high,2025.0,0.024538633,2.0,3.0,5.0,3.009815453
156,905080.0,130.3,3,Brera,45.46572662,9.150667784,yes,no,8012,,,,,,0.019096355,,,,
157,805517.0,82.0,3,CityLife,45.44738325,9.141517666,yes,yes,9664,CityLife Expansion Phase II,residential,high,low,2024.0,0.011796358,3.0,1.0,4.0,2.404718543
158,476331.0,52.1,3,Brera,45.47849163,9.144221714,yes,no,8081,,,,,,0.010765994,,,,
159,309477.0,69.4,3,Navigli,45.49502278,9.228873803,yes,yes,4633,,,,,,0.020505072,,,,
160,902485.0,127.3,3,Isola,45.48093256,9.163179034,yes,no,6512,Isola Cultural District Upgrade,culture,medium,medium,2025.0,0.024262899,2.0,2.0,4.0,2.40970516
161,899640.0,80.7,2,CityLife,45.45255821,9.160487754,yes,yes,11822,CityLife Expansion Phase II,residential,high,low,2024.0,0.008120453,3.0,1.0,4.0,2.403248181
162,1043322.0,122.4,4,Navigli,45.47018288,9.149561431,no,no,6849,,,,,,0.025259162,,,,
163,184367.0,39.8,1,Bicocca,45.4402076,9.199026271,yes,no,4619,Green Park Development in Bicocca,green_space,low,medium,2024.0,0.011041351,1.0,2.0,3.0,1.80441654
164,1435189.0,158.0,4,Isola,45.50946409,9.169309741,yes,yes,7141,Isola Cultural District Upgrade,culture,medium,medium,2025.0,0.027727209,2.0,2.0,4.0,2.411090884
165,401597.0,50.1,1,Brera,45.44676136,9.216752455,yes,yes,7559,,,,,,0.007937558,,,,
166,508697.0,121.2,4,Navigli,45.48778225,9.146725375,yes,no,4487,,,,,,0.036550033,,,,
167,573084.0,150.5,3,Bicocca,45.51890056,9.222412686,no,no,4396,Green Park Development in Bicocca,green_space,low,medium,2024.0,0.040036397,1.0,2.0,3.0,1.816014559
168,1842992.0,146.7,4,CityLife,45.48292725,9.198483799,yes,yes,11343,CityLife Expansion Phase II,residential,high,low,2024.0,0.017191219,3.0,1.0,4.0,2.406876488
169,1350922.0,148.9,5,CityLife,45.51392334,9.134854749,yes,no,9212,CityLife Expansion Phase II,residential,high,low,2024.0,0.021710812,3.0,1.0,4.0,2.408684325
170,423291.0,94.6,4,Lambrate,45.45888932,9.173885596,yes,no,4203,Lambrate Creative Hub,innovation,medium,medium,2025.0,0.031881989,2.0,2.0,4.0,2.412752796
171,765164.0,150.8,4,Bicocca,45.50079643,9.232257358,no,no,4970,Green Park Development in Bicocca,green_space,low,medium,2024.0,0.037625755,1.0,2.0,3.0,1.815050302
172,127941.0,37.3,1,Corvetto,45.48250126,9.23998483,no,no,3580,Corvetto Urban Renewal,housing,medium,high,2025.0,0.012849162,2.0,3.0,5.0,3.005139665
173,251068.0,33.0,1,Porta Romana,45.49764128,9.180541016,yes,no,7837,Scalo Romana Redevelopment,mixed-use,very_high,high,2026.0,0.005741993,4.0,3.0,7.0,4.202296797
173,232743.0,32.3,1,Porta Romana,45.49764128,9.180541016,yes,no,7837,Affordable Housing Porta Romana,housing,high,high,2025.0,0.005741993,3.0,3.0,6.0,3.602296797
174,697840.0,87.2,2,Isola,45.44498731,9.182508807,yes,yes,8908,Isola Cultural District Upgrade,culture,medium,medium,2025.0,0.011450382,2.0,2.0,4.0,2.404580153
175,289349.0,46.8,2,Bicocca,45.45181913,9.239399114,yes,yes,5794,Green Park Development in Bicocca,green_space,low,medium,2024.0,0.011391094,1.0,2.0,3.0,1.804556438
176,384314.0,99.1,3,Lambrate,45.45064935,9.196318869,yes,yes,3653,Lambrate Creative Hub,innovation,medium,medium,2025.0,0.036408431,2.0,2.0,4.0,2.414563373
177,415135.0,76.5,3,Porta Romana,45.49497324,9.124270067,yes,no,6679,Scalo Romana Redevelopment,mixed-use,very_high,high,2026.0,0.015122024,4.0,3.0,7.0,4.20604881
177,482421.0,71.4,3,Porta Romana,45.49497324,9.124270067,yes,no,6679,Affordable Housing Porta Romana,housing,high,high,2025.0,0.015122024,3.0,3.0,6.0,3.60604881
178,410984.0,69.9,3,Porta Romana,45.50755525,9.23865743,yes,no,5996,Scalo Romana Redevelopment,mixed-use,very_high,high,2026.0,0.016010674,4.0,3.0,7.0,4.20640427
178,360759.0,66.2,3,Porta Romana,45.50755525,9.23865743,yes,no,5996,Affordable Housing Porta Romana,housing,high,high,2025.0,0.016010674,3.0,3.0,6.0,3.60640427
179,1075085.0,173.2,3,Navigli,45.4999693,9.152269438,yes,yes,6744,,,,,,0.027728351,,,,
180,1285910.0,166.4,3,Porta Romana,45.44243777,9.195092154,yes,no,8356,Scalo Romana Redevelopment,mixed-use,very_high,high,2026.0,0.021900431,4.0,3.0,7.0,4.208760172
180,1132343.0,151.1,3,Porta Romana,45.44243777,9.195092154,yes,no,8356,Affordable Housing Porta Romana,housing,high,high,2025.0,0.021900431,3.0,3.0,6.0,3.608760172
181,188977.0,45.1,2,Corvetto,45.5093772,9.141516731,no,no,4243,Corvetto Urban Renewal,housing,medium,high,2025.0,0.014847985,2.0,3.0,5.0,3.005939194
182,1334659.0,143.5,3,CityLife,45.46833173,9.124404291,yes,yes,9092,CityLife Expansion Phase II,residential,high,low,2024.0,0.018587769,3.0,1.0,4.0,2.407435108
183,664500.0,142.1,5,Lambrate,45.47177311,9.160491512,yes,yes,4508,Lambrate Creative Hub,innovation,medium,medium,2025.0,0.040594499,2.0,2.0,4.0,2.416237799
184,418357.0,50.4,1,Porta Romana,45.44838953,9.221464442,yes,yes,7141,Scalo Romana Redevelopment,mixed-use,very_high,high,2026.0,0.008822294,4.0,3.0,7.0,4.203528918
184,326332.0,54.8,1,Porta Romana,45.44838953,9.221464442,yes,yes,7141,Affordable Housing Porta Romana,housing,high,high,2025.0,0.008822294,3.0,3.0,6.0,3.603528918
185,428991.0,86.3,2,Navigli,45.49899242,9.156086332,yes,yes,5773,,,,,,0.017668457,,,,
186,474331.0,104.0,3,Corvetto,45.45458271,9.148612638,no,yes,3957,Corvetto Urban Renewal,housing,medium,high,2025.0,0.036391205,2.0,3.0,5.0,3.014556482
187,289890.0,34.8,2,Brera,45.48511721,9.147648502,yes,yes,7452,,,,,,0.007648953,,,,
188,523921.0,48.5,2,CityLife,45.5072568,9.186972579,yes,yes,9227,CityLife Expansion Phase II,residential,high,low,2024.0,0.008019941,3.0,1.0,4.0,2.403207977
189,880510.0,57.2,3,CityLife,45.44713635,9.246820371,no,yes,10959,CityLife Expansion Phase II,residential,high,low,2024.0,0.00802993,3.0,1.0,4.0,2.403211972
190,536282.0,91.2,4,Lambrate,45.48282685,9.179668568,yes,yes,5765,Lambrate Creative Hub,innovation,medium,medium,2025.0,0.022202949,2.0,2.0,4.0,2.40888118
191,1804222.0,165.6,5,CityLife,45.45865731,9.192449698,yes,yes,10521,CityLife Expansion Phase II,residential,high,low,2024.0,0.019389792,3.0,1.0,4.0,2.407755917
192,548897.0,67.2,2,Porta Romana,45.46743415,9.231882162,no,no,7479,Scalo Romana Redevelopment,mixed-use,very_high,high,2026.0,0.011632571,4.0,3.0,7.0,4.204653028
192,533734.0,72.5,2,Porta Romana,45.46743415,9.231882162,no,no,7479,Affordable Housing Porta Romana,housing,high,high,2025.0,0.011632571,3.0,3.0,6.0,3.604653028
193,358823.0,54.0,2,Navigli,45.4779176,9.189559063,yes,yes,6388,,,,,,0.012210394,,,,
194,1379838.0,137.2,4,CityLife,45.46840834,9.143980173,yes,no,8550,CityLife Expansion Phase II,residential,high,low,2024.0,0.022222222,3.0,1.0,4.0,2.408888889
195,969052.0,108.7,3,CityLife,45.49190583,9.158947469,no,no,9635,CityLife Expansion Phase II,residential,high,low,2024.0,0.01442657,3.0,1.0,4.0,2.405770628
196,1192928.0,149.8,5,Brera,45.47836657,9.1602918,yes,yes,8312,,,,,,0.023700674,,,,
197,883189.0,105.8,4,Brera,45.48673596,9.171651355,yes,yes,8757,,,,,,0.016672376,,,,
198,448563.0,62.8,3,Isola,45.4989458,9.175482558,yes,yes,6356,Isola Cultural District Upgrade,culture,medium,medium,2025.0,0.015733166,2.0,2.0,4.0,2.406293266
199,449534.0,71.7,2,Corvetto,45.48461938,9.223971663,no,yes,5070,Corvetto Urban Renewal,housing,medium,high,2025.0,0.018145957,2.0,3.0,5.0,3.007258383
200,761492.0,129.0,5,Porta Romana,45.48692283,9.16542031,yes,no,6785,Scalo Romana Redevelopment,mixed-use,very_high,high,2026.0,0.02770818,4.0,3.0,7.0,4.211083272
200,1000587.0,142.6,5,Porta Romana,45.48692283,9.16542031,yes,no,6785,Affordable Housing Porta Romana,housing,high,high,2025.0,0.02770818,3.0,3.0,6.0,3.611083272
